Player	Game id	Variant	BDR
ADrone	86590	Black (5 Suits)	8
ADrone	745047	Up or Down & Muddy Rainbow (6 Suits)	7
ADrone	746659	Rainbow (6 Suits)	7
ADrone	754154	Rainbow (6 Suits)	7
ADrone	86003	No Variant	6
ADrone	108036	Rainbow (6 Suits)	6
ADrone	264646	White-Ones & Brown (6 Suits)	6
ADrone	303681	Rainbow (6 Suits)	6
ADrone	376828	Rainbow (6 Suits)	6
ADrone	409041	Dual-Color Mix	6
ADrone	686316	Rainbow & Dark Pink (6 Suits)	6
ADrone	743959	No Variant	6
ADrone	83410	Rainbow (6 Suits)	5
ADrone	86023	No Variant	5
ADrone	88575	No Variant	5
ADrone	89526	No Variant	5
ADrone	90333	No Variant	5
ADrone	94940	Rainbow & White (5 Suits)	5
ADrone	157502	Pink & Brown (5 Suits)	5
ADrone	246206	Pink & Brown (5 Suits)	5
ADrone	275314	Up or Down (5 Suits)	5
ADrone	280254	No Variant	5
ADrone	291795	Null (5 Suits)	5
ADrone	331234	Up or Down & White (5 Suits)	5
ADrone	392620	No Variant	5
ADrone	451230	No Variant	5
ADrone	502316	Null (5 Suits)	5
ADrone	503695	Null (5 Suits)	5
ADrone	519454	Up or Down & Brown (5 Suits)	5
ADrone	608975	Clue Starved & Omni (6 Suits)	5
ADrone	631949	Omni & Muddy Rainbow (6 Suits)	5
ADrone	700160	Clue Starved (6 Suits)	5
ADrone	742961	No Variant	5
ADrone	760270	Black & Pink (6 Suits)	5
ADrone	763610	Muddy Rainbow (6 Suits)	5
ADrone	764862	Prism & Gray (6 Suits)	5
ADrone	775238	White & Dark Pink (6 Suits)	5
ADrone	77954	No Variant	4
ADrone	80787	Brown (6 Suits)	4
ADrone	81128	No Variant	4
ADrone	82597	Rainbow (5 Suits)	4
ADrone	85808	No Variant	4
ADrone	87843	Black & White (6 Suits)	4
ADrone	87846	Black & White (6 Suits)	4
ADrone	87999	No Variant	4
ADrone	88053	Black (6 Suits)	4
ADrone	90360	No Variant	4
ADrone	91415	No Variant	4
ADrone	96677	Dark Rainbow (5 Suits)	4
ADrone	97759	No Variant	4
ADrone	98585	No Variant	4
ADrone	104913	No Variant	4
ADrone	105938	No Variant	4
ADrone	114657	No Variant	4
ADrone	126529	Omni & Muddy Rainbow (6 Suits)	4
ADrone	130633	Light Pink (5 Suits)	4
ADrone	136611	Up or Down (5 Suits)	4
ADrone	192730	Omni-Ones (5 Suits)	4
ADrone	230674	Rainbow & Brown (5 Suits)	4
ADrone	248791	Gray Reversed (5 Suits)	4
ADrone	251205	No Variant	4
ADrone	251237	Extremely Ambiguous (6 Suits)	4
ADrone	290122	Prism (5 Suits)	4
ADrone	294362	Cocoa Rainbow (6 Suits)	4
ADrone	305697	Rainbow (6 Suits)	4
ADrone	314473	Omni (6 Suits)	4
ADrone	323872	No Variant	4
ADrone	324745	Up or Down (5 Suits)	4
ADrone	324772	Pink (6 Suits)	4
ADrone	388346	No Variant	4
ADrone	397805	Pink (5 Suits)	4
ADrone	401454	Null (5 Suits)	4
ADrone	404183	Black (6 Suits)	4
ADrone	405203	Black & White (6 Suits)	4
ADrone	409070	Dual-Color Mix	4
ADrone	465987	Pink (6 Suits)	4
ADrone	466391	Pink & Light Pink (5 Suits)	4
ADrone	469118	Rainbow & Omni (6 Suits)	4
ADrone	469150	Rainbow & Omni (6 Suits)	4
ADrone	479615	Prism Reversed (5 Suits)	4
ADrone	483988	Pink (6 Suits)	4
ADrone	501354	Pink (5 Suits)	4
ADrone	517819	Rainbow & White (6 Suits)	4
ADrone	519436	Up or Down & Brown (5 Suits)	4
ADrone	564328	Pink & Muddy Rainbow (6 Suits)	4
ADrone	585552	Black (6 Suits)	4
ADrone	595432	Pink & Brown (5 Suits)	4
ADrone	627605	White (6 Suits)	4
ADrone	660446	Omni (6 Suits)	4
ADrone	662121	No Variant	4
ADrone	663302	White-Ones & Rainbow (6 Suits)	4
ADrone	666440	Light-Pink-Fives & Cocoa Rainbow (6 Suits)	4
ADrone	667445	Brown & Light Pink (5 Suits)	4
ADrone	668742	Rainbow & Null (6 Suits)	4
ADrone	669853	Gray (6 Suits)	4
ADrone	682664	Rainbow & Brown (6 Suits)	4
ADrone	700086	Rainbow (6 Suits)	4
ADrone	738313	Rainbow & Prism (6 Suits)	4
ADrone	753646	Rainbow (5 Suits)	4
ADrone	755616	Black & Light Pink (6 Suits)	4
ADrone	764869	Prism & Gray (6 Suits)	4
ADrone	785974	Rainbow-Ones (6 Suits)	4
ADrone	77767	No Variant	3
ADrone	79691	No Variant	3
ADrone	79877	No Variant	3
ADrone	82753	No Variant	3
ADrone	84537	No Variant	3
ADrone	84602	Pink (5 Suits)	3
ADrone	85887	Black (6 Suits)	3
ADrone	86159	Rainbow (6 Suits)	3
ADrone	86201	No Variant	3
ADrone	87269	No Variant	3
ADrone	88139	Black (6 Suits)	3
ADrone	88500	Rainbow (5 Suits)	3
ADrone	88564	No Variant	3
ADrone	89213	No Variant	3
ADrone	89247	No Variant	3
ADrone	89457	Black (5 Suits)	3
ADrone	89477	Black (5 Suits)	3
ADrone	91479	No Variant	3
ADrone	92727	Black & White (6 Suits)	3
ADrone	93682	Rainbow & Pink (5 Suits)	3
ADrone	95196	Gray (6 Suits)	3
ADrone	96654	Dark Rainbow (5 Suits)	3
ADrone	101089	No Variant	3
ADrone	101917	No Variant	3
ADrone	103187	White (6 Suits)	3
ADrone	105176	No Variant	3
ADrone	106700	Rainbow (5 Suits)	3
ADrone	107801	6 Suits	3
ADrone	112220	Throw It in a Hole (5 Suits)	3
ADrone	113604	6 Suits	3
ADrone	115284	Rainbow (6 Suits)	3
ADrone	119055	Rainbow (5 Suits)	3
ADrone	121286	Black (5 Suits)	3
ADrone	136536	Up or Down (5 Suits)	3
ADrone	140412	Null (5 Suits)	3
ADrone	157431	Black (6 Suits)	3
ADrone	157538	Cow & Pig (5 Suits)	3
ADrone	157589	Cow & Pig (5 Suits)	3
ADrone	158021	Rainbow (6 Suits)	3
ADrone	158641	Up or Down (5 Suits)	3
ADrone	158670	Dual-Color (5 Suits)	3
ADrone	163815	Black (5 Suits)	3
ADrone	164854	Pink & Dark Brown (6 Suits)	3
ADrone	178696	Black (6 Suits)	3
ADrone	188242	Black & Rainbow (5 Suits)	3
ADrone	189183	Black & Rainbow (5 Suits)	3
ADrone	194352	Brown & Null (4 Suits)	3
ADrone	212188	Rainbow (6 Suits)	3
ADrone	212231	No Variant	3
ADrone	220960	Rainbow (6 Suits)	3
ADrone	221151	Rainbow (6 Suits)	3
ADrone	224498	Special Mix (6 Suits)	3
ADrone	230599	Up or Down (5 Suits)	3
ADrone	231999	White & Muddy Rainbow (6 Suits)	3
ADrone	237980	Pink-Fives (6 Suits)	3
ADrone	247869	Light Pink (5 Suits)	3
ADrone	248469	Rainbow (6 Suits)	3
ADrone	248766	Gray Reversed (5 Suits)	3
ADrone	256490	Dual-Color (6 Suits)	3
ADrone	260914	Dual-Color (6 Suits)	3
ADrone	260954	Dual-Color (6 Suits)	3
ADrone	264457	Pink-Ones & Pink (6 Suits)	3
ADrone	264891	Cocoa Rainbow (5 Suits)	3
ADrone	265543	Dual-Color (6 Suits)	3
ADrone	266487	Dual-Color (6 Suits)	3
ADrone	271194	Brown & Gray (5 Suits)	3
ADrone	291384	Prism (5 Suits)	3
ADrone	295851	No Variant	3
ADrone	300247	Rainbow (6 Suits)	3
ADrone	301614	Rainbow (6 Suits)	3
ADrone	303758	Rainbow (6 Suits)	3
ADrone	305808	Rainbow (6 Suits)	3
ADrone	307039	Rainbow (6 Suits)	3
ADrone	307124	Rainbow (6 Suits)	3
ADrone	308085	Rainbow (6 Suits)	3
ADrone	314458	Omni (6 Suits)	3
ADrone	318194	Gray (6 Suits)	3
ADrone	318459	Dark Omni (5 Suits)	3
ADrone	328480	Gray (6 Suits)	3
ADrone	331268	Up or Down & Omni (5 Suits)	3
ADrone	359396	Light Pink (6 Suits)	3
ADrone	359457	Null (5 Suits)	3
ADrone	379605	Muddy Rainbow (5 Suits)	3
ADrone	384132	Rainbow & White (6 Suits)	3
ADrone	386234	Dual-Color (5 Suits)	3
ADrone	387366	Dual-Color & White (6 Suits)	3
ADrone	390946	Deceptive-Ones & Black (6 Suits)	3
ADrone	392599	No Variant	3
ADrone	392667	No Variant	3
ADrone	394962	Dual-Color Mix	3
ADrone	396812	No Variant	3
ADrone	398117	Dual-Color & Dark Brown (6 Suits)	3
ADrone	411606	Rainbow & Pink (6 Suits)	3
ADrone	411998	Dual-Color Mix	3
ADrone	412077	Dual-Color Mix	3
ADrone	412646	No Variant	3
ADrone	419246	Pink-Fives & Brown (6 Suits)	3
ADrone	425655	White (6 Suits)	3
ADrone	438623	Rainbow & Gray (6 Suits)	3
ADrone	445728	Throw It in a Hole (6 Suits)	3
ADrone	458115	Rainbow-Ones (6 Suits)	3
ADrone	463177	Clue Starved & Null (5 Suits)	3
ADrone	466438	Pink & Light Pink (5 Suits)	3
ADrone	474126	Light Pink & Prism (5 Suits)	3
ADrone	474153	Brown & Muddy Rainbow (6 Suits)	3
ADrone	499156	Null (5 Suits)	3
ADrone	502909	Gray Reversed (5 Suits)	3
ADrone	503065	Prism (5 Suits)	3
ADrone	519445	Up or Down & Brown (5 Suits)	3
ADrone	522258	No Variant	3
ADrone	531765	No Variant	3
ADrone	532827	Black & White (6 Suits)	3
ADrone	533784	Light Pink & Prism (6 Suits)	3
ADrone	535161	No Variant	3
ADrone	593048	Up or Down & Rainbow (5 Suits)	3
ADrone	662145	No Variant	3
ADrone	666708	6 Suits	3
ADrone	678463	Rainbow-Ones & White (5 Suits)	3
ADrone	679585	No Variant	3
ADrone	680521	Gray Pink (6 Suits)	3
ADrone	681615	Null (4 Suits)	3
ADrone	683260	No Variant	3
ADrone	687264	Dark Prism (6 Suits)	3
ADrone	689797	Rainbow-Ones & Muddy Rainbow (6 Suits)	3
ADrone	690373	Rainbow & Gray Pink (6 Suits)	3
ADrone	691225	Black (5 Suits)	3
ADrone	691851	6 Suits	3
ADrone	697718	Rainbow (6 Suits)	3
ADrone	708027	Black & Omni (6 Suits)	3
ADrone	726821	Null & Prism (6 Suits)	3
ADrone	731135	White-Ones & Dark Brown (6 Suits)	3
ADrone	731770	Rainbow-Fives & White (6 Suits)	3
ADrone	732409	White & Muddy Rainbow (6 Suits)	3
ADrone	732688	No Variant	3
ADrone	740174	Rainbow & White (5 Suits)	3
ADrone	743444	Pink & Brown (6 Suits)	3
ADrone	744037	No Variant	3
ADrone	746790	6 Suits	3
ADrone	753238	Brown (6 Suits)	3
ADrone	754090	Rainbow (6 Suits)	3
ADrone	754572	No Variant	3
ADrone	756171	Black (6 Suits)	3
ADrone	760303	Black & Pink (6 Suits)	3
ADrone	760863	Brown & Dark Pink (6 Suits)	3
ADrone	761032	No Variant	3
ADrone	761997	Black & Omni (6 Suits)	3
ADrone	763635	Muddy Rainbow (6 Suits)	3
ADrone	768528	No Variant	3
ADrone	771904	No Variant	3
ADrone	779099	White (6 Suits)	3
ADrone	788694	Pink (6 Suits)	3
ADrone	791081	Omni & Prism (6 Suits)	3
ADrone	793538	Rainbow (6 Suits)	3
ADrone	794668	White & Dark Brown (6 Suits)	3
ADrone	77747	No Variant	2
ADrone	79468	No Variant	2
ADrone	80119	No Variant	2
ADrone	80304	No Variant	2
ADrone	80309	White (6 Suits)	2
ADrone	80716	No Variant	2
ADrone	81506	No Variant	2
ADrone	82213	Rainbow (5 Suits)	2
ADrone	82284	Brown (5 Suits)	2
ADrone	82603	No Variant	2
ADrone	82743	No Variant	2
ADrone	84486	Rainbow (5 Suits)	2
ADrone	84487	Rainbow (5 Suits)	2
ADrone	84645	No Variant	2
ADrone	84653	No Variant	2
ADrone	84897	No Variant	2
ADrone	84907	No Variant	2
ADrone	86207	No Variant	2
ADrone	86210	No Variant	2
ADrone	87850	No Variant	2
ADrone	88602	No Variant	2
ADrone	89849	Rainbow & Brown (5 Suits)	2
ADrone	89863	Rainbow & Brown (5 Suits)	2
ADrone	90100	Rainbow & Brown (5 Suits)	2
ADrone	91434	No Variant	2
ADrone	91457	No Variant	2
ADrone	91992	Rainbow (6 Suits)	2
ADrone	92692	White & Brown (4 Suits)	2
ADrone	93761	Rainbow & Pink (5 Suits)	2
ADrone	94959	Rainbow & White (5 Suits)	2
ADrone	96257	No Variant	2
ADrone	96586	Dark Rainbow (5 Suits)	2
ADrone	97065	No Variant	2
ADrone	100228	No Variant	2
ADrone	101016	No Variant	2
ADrone	103955	No Variant	2
ADrone	104408	No Variant	2
ADrone	104506	No Variant	2
ADrone	104817	Pink & Brown (5 Suits)	2
ADrone	104844	Pink & Brown (5 Suits)	2
ADrone	106043	Black (6 Suits)	2
ADrone	106609	Rainbow (5 Suits)	2
ADrone	107376	Black & White (6 Suits)	2
ADrone	108104	Rainbow (6 Suits)	2
ADrone	111228	Special Mix (5 Suits)	2
ADrone	112301	No Variant	2
ADrone	112636	No Variant	2
ADrone	113130	No Variant	2
ADrone	115111	No Variant	2
ADrone	121122	Rainbow (5 Suits)	2
ADrone	130730	6 Suits	2
ADrone	134903	Dark Rainbow (5 Suits)	2
ADrone	138741	Gray (6 Suits)	2
ADrone	141539	Special Mix (5 Suits)	2
ADrone	142203	Black (6 Suits)	2
ADrone	142243	Black (6 Suits)	2
ADrone	143873	No Variant	2
ADrone	145487	Black (5 Suits)	2
ADrone	145707	Black (5 Suits)	2
ADrone	147084	Omni (5 Suits)	2
ADrone	149347	Duck (5 Suits)	2
ADrone	150924	No Variant	2
ADrone	153642	Special Mix (5 Suits)	2
ADrone	156432	No Variant	2
ADrone	157226	Black (6 Suits)	2
ADrone	162777	Pink & Muddy Rainbow (5 Suits)	2
ADrone	170588	Omni (5 Suits)	2
ADrone	177327	Black (6 Suits)	2
ADrone	188315	Black & Rainbow (5 Suits)	2
ADrone	189880	White-Ones & Brown (5 Suits)	2
ADrone	190517	Dark Brown & Gray Pink (6 Suits)	2
ADrone	194179	No Variant	2
ADrone	194331	Brown & Null (4 Suits)	2
ADrone	195557	No Variant	2
ADrone	221057	Rainbow (6 Suits)	2
ADrone	221104	Rainbow (6 Suits)	2
ADrone	222167	Rainbow (6 Suits)	2
ADrone	224538	Special Mix (6 Suits)	2
ADrone	235211	Rainbow (5 Suits)	2
ADrone	239907	Omni (5 Suits)	2
ADrone	239938	Omni (5 Suits)	2
ADrone	240929	Muddy Rainbow (4 Suits)	2
ADrone	244029	Brown-Ones & Dark Rainbow (5 Suits)	2
ADrone	246231	Brown (5 Suits)	2
ADrone	248423	Rainbow (6 Suits)	2
ADrone	250055	Rainbow (6 Suits)	2
ADrone	250202	No Variant	2
ADrone	250254	Special Mix (5 Suits)	2
ADrone	253333	Dual-Color (5 Suits)	2
ADrone	257159	White-Ones (5 Suits)	2
ADrone	258579	Black (5 Suits)	2
ADrone	264613	White-Ones & Brown (6 Suits)	2
ADrone	269364	White (5 Suits)	2
ADrone	269424	Gray (5 Suits)	2
ADrone	271650	Black (5 Suits)	2
ADrone	274296	Pink & Brown (5 Suits)	2
ADrone	274310	Pink & Brown (5 Suits)	2
ADrone	275348	Null (5 Suits)	2
ADrone	275369	Null (5 Suits)	2
ADrone	275413	White (4 Suits)	2
ADrone	286762	White & Prism (5 Suits)	2
ADrone	287258	Black (6 Suits)	2
ADrone	287331	White (5 Suits)	2
ADrone	288982	No Variant	2
ADrone	289896	White (3 Suits)	2
ADrone	290094	Prism (5 Suits)	2
ADrone	291436	Prism (5 Suits)	2
ADrone	295866	No Variant	2
ADrone	296830	No Variant	2
ADrone	297474	Rainbow & White (6 Suits)	2
ADrone	303412	Brown (6 Suits)	2
ADrone	303624	Rainbow (6 Suits)	2
ADrone	303649	Rainbow (6 Suits)	2
ADrone	310075	Dark Null (5 Suits)	2
ADrone	323839	Muddy Rainbow (6 Suits)	2
ADrone	324028	No Variant	2
ADrone	324048	Rainbow (5 Suits)	2
ADrone	324465	Cocoa Rainbow (6 Suits)	2
ADrone	328253	No Variant	2
ADrone	328720	Black (5 Suits)	2
ADrone	330127	No Variant	2
ADrone	330135	No Variant	2
ADrone	330579	Rainbow & Brown (6 Suits)	2
ADrone	338302	Prism (5 Suits)	2
ADrone	341387	Color Blind (4 Suits)	2
ADrone	351853	Light Pink (6 Suits)	2
ADrone	359245	Black & White (6 Suits)	2
ADrone	367288	Rainbow Reversed (5 Suits)	2
ADrone	367315	Reversed (5 Suits)	2
ADrone	367594	Dark Rainbow (6 Suits)	2
ADrone	387348	Dual-Color & White (6 Suits)	2
ADrone	389349	Dark Prism (6 Suits)	2
ADrone	391980	Dark Brown (6 Suits)	2
ADrone	400597	Dual-Color Mix	2
ADrone	404664	Dual-Color Mix	2
ADrone	410110	Dual-Color Mix	2
ADrone	410132	Dual-Color Mix	2
ADrone	410566	Clue Starved & Rainbow (5 Suits)	2
ADrone	411861	Dual-Color Mix	2
ADrone	413015	Dual-Color Mix	2
ADrone	413062	Dual-Color Mix	2
ADrone	413090	Dual-Color Mix	2
ADrone	414588	Rainbow & Gray (6 Suits)	2
ADrone	415504	Dark Prism (6 Suits)	2
ADrone	419413	Rainbow & Gray (6 Suits)	2
ADrone	420207	No Variant	2
ADrone	427305	Black (6 Suits)	2
ADrone	434854	Pink & Omni (5 Suits)	2
ADrone	435727	Dark Pink (5 Suits)	2
ADrone	435753	Rainbow & Prism (6 Suits)	2
ADrone	438180	Null (6 Suits)	2
ADrone	442900	Pink & Brown (6 Suits)	2
ADrone	444659	Rainbow & Gray (6 Suits)	2
ADrone	460304	Special Mix (6 Suits)	2
ADrone	465123	Omni (5 Suits)	2
ADrone	465719	White & Gray Pink (6 Suits)	2
ADrone	474804	Black & Null (6 Suits)	2
ADrone	479533	Brown & Dark Prism (5 Suits)	2
ADrone	482316	Black & Rainbow (6 Suits)	2
ADrone	486271	Brown & Null (5 Suits)	2
ADrone	496898	Omni (4 Suits)	2
ADrone	496936	Gray (6 Suits)	2
ADrone	498706	Muddy Rainbow (6 Suits)	2
ADrone	502345	Null (5 Suits)	2
ADrone	502396	Null (5 Suits)	2
ADrone	504830	Null (5 Suits)	2
ADrone	514008	Prism & Gray Pink (6 Suits)	2
ADrone	517839	Rainbow & White (6 Suits)	2
ADrone	532791	Light Pink (6 Suits)	2
ADrone	532794	Black & White (6 Suits)	2
ADrone	533754	Up or Down & Rainbow (6 Suits)	2
ADrone	535132	No Variant	2
ADrone	535151	No Variant	2
ADrone	564323	Pink & Omni (4 Suits)	2
ADrone	576475	Black & Prism (5 Suits)	2
ADrone	576494	Rainbow & Dark Pink (5 Suits)	2
ADrone	580444	Omni-Ones & Muddy Rainbow (5 Suits)	2
ADrone	580462	Omni-Ones & Muddy Rainbow (5 Suits)	2
ADrone	584868	Dark Rainbow (5 Suits)	2
ADrone	593076	Up or Down & Rainbow (5 Suits)	2
ADrone	627613	White (5 Suits)	2
ADrone	650242	Clue Starved & White (5 Suits)	2
ADrone	660207	Rainbow (6 Suits)	2
ADrone	662866	No Variant	2
ADrone	664374	White & Dark Pink (6 Suits)	2
ADrone	666430	Light-Pink-Fives & Cocoa Rainbow (6 Suits)	2
ADrone	666685	6 Suits	2
ADrone	667619	Prism (6 Suits)	2
ADrone	667815	Brown & Light Pink (6 Suits)	2
ADrone	668129	Omni-Fives & Rainbow (6 Suits)	2
ADrone	673671	White Reversed (6 Suits)	2
ADrone	678218	Null-Fives (6 Suits)	2
ADrone	678721	Pink-Ones & Pink (5 Suits)	2
ADrone	678788	Gray Pink (5 Suits)	2
ADrone	679540	No Variant	2
ADrone	681641	Null (4 Suits)	2
ADrone	682263	No Variant	2
ADrone	683133	No Variant	2
ADrone	683338	Muddy Rainbow (6 Suits)	2
ADrone	689776	Rainbow-Ones & Muddy Rainbow (6 Suits)	2
ADrone	690339	Rainbow & Gray Pink (6 Suits)	2
ADrone	691021	Rainbow & Omni (6 Suits)	2
ADrone	692529	Clue Starved & Prism (6 Suits)	2
ADrone	693387	White & Omni (6 Suits)	2
ADrone	700081	Dual-Color Mix	2
ADrone	722186	Black & Light Pink (5 Suits)	2
ADrone	722902	No Variant	2
ADrone	723048	No Variant	2
ADrone	727225	Rainbow-Fives & White (6 Suits)	2
ADrone	727240	Rainbow-Fives & Brown (6 Suits)	2
ADrone	728561	Rainbow (5 Suits)	2
ADrone	731766	Rainbow-Fives & White (6 Suits)	2
ADrone	732376	White & Muddy Rainbow (6 Suits)	2
ADrone	732646	No Variant	2
ADrone	735547	Rainbow (5 Suits)	2
ADrone	736745	Rainbow & Pink (6 Suits)	2
ADrone	738824	Rainbow & Brown (5 Suits)	2
ADrone	739383	Rainbow & Prism (6 Suits)	2
ADrone	740547	Gray Pink (5 Suits)	2
ADrone	742192	Brown & Dark Pink (6 Suits)	2
ADrone	743407	Brown & Muddy Rainbow (6 Suits)	2
ADrone	743547	Pink & Gray (6 Suits)	2
ADrone	743973	No Variant	2
ADrone	744413	Rainbow & Pink (6 Suits)	2
ADrone	746248	No Variant	2
ADrone	746696	No Variant	2
ADrone	746809	6 Suits	2
ADrone	749318	No Variant	2
ADrone	750845	Prism (5 Suits)	2
ADrone	753800	No Variant	2
ADrone	753825	No Variant	2
ADrone	754120	Rainbow (6 Suits)	2
ADrone	754492	Black (6 Suits)	2
ADrone	756698	Rainbow (6 Suits)	2
ADrone	756723	Rainbow (6 Suits)	2
ADrone	757351	Black & White (6 Suits)	2
ADrone	758314	Brown-Ones & Prism (6 Suits)	2
ADrone	761304	Black & Omni (6 Suits)	2
ADrone	761526	No Variant	2
ADrone	761760	Rainbow & Light Pink (5 Suits)	2
ADrone	761768	Gray (6 Suits)	2
ADrone	764041	Prism & Dark Pink (6 Suits)	2
ADrone	764092	Prism (6 Suits)	2
ADrone	764974	White & Prism (6 Suits)	2
ADrone	768550	No Variant	2
ADrone	768959	No Variant	2
ADrone	782731	No Variant	2
ADrone	783153	No Variant	2
ADrone	788668	No Variant	2
ADrone	789387	Rainbow & Dark Null (5 Suits)	2
ADrone	791110	Omni & Prism (6 Suits)	2
ADrone	791513	Rainbow (6 Suits)	2
ADrone	793550	Rainbow (6 Suits)	2
ADrone	793680	White (6 Suits)	2
ADrone	794582	Rainbow & Muddy Rainbow (5 Suits)	2
ADrone	77945	No Variant	1
ADrone	78239	No Variant	1
ADrone	78242	No Variant	1
ADrone	80047	Rainbow (4 Suits)	1
ADrone	80049	Rainbow (4 Suits)	1
ADrone	80125	No Variant	1
ADrone	80289	No Variant	1
ADrone	80657	No Variant	1
ADrone	84205	No Variant	1
ADrone	84206	No Variant	1
ADrone	84285	No Variant	1
ADrone	84566	No Variant	1
ADrone	84661	No Variant	1
ADrone	84941	Rainbow (5 Suits)	1
ADrone	84943	Rainbow (5 Suits)	1
ADrone	85992	No Variant	1
ADrone	86146	No Variant	1
ADrone	86148	No Variant	1
ADrone	86151	No Variant	1
ADrone	86234	Pink & Brown (5 Suits)	1
ADrone	86298	Rainbow & White (5 Suits)	1
ADrone	86665	Pink & Brown (5 Suits)	1
ADrone	87156	No Variant	1
ADrone	88492	Rainbow (5 Suits)	1
ADrone	88552	No Variant	1
ADrone	89222	Black (6 Suits)	1
ADrone	90599	Pink (5 Suits)	1
ADrone	90847	No Variant	1
ADrone	90986	No Variant	1
ADrone	91011	No Variant	1
ADrone	91442	No Variant	1
ADrone	91979	Rainbow (6 Suits)	1
ADrone	92001	Rainbow (6 Suits)	1
ADrone	95237	White & Brown (4 Suits)	1
ADrone	95266	White & Brown (4 Suits)	1
ADrone	99191	No Variant	1
ADrone	99574	White-Fives (5 Suits)	1
ADrone	100145	No Variant	1
ADrone	103223	White (6 Suits)	1
ADrone	104474	No Variant	1
ADrone	110833	Special Mix (5 Suits)	1
ADrone	111123	Special Mix (5 Suits)	1
ADrone	114747	Special Mix (5 Suits)	1
ADrone	126487	Light Pink (4 Suits)	1
ADrone	136133	Black (5 Suits)	1
ADrone	136455	Black (5 Suits)	1
ADrone	137788	Pink (6 Suits)	1
ADrone	138250	Black (5 Suits)	1
ADrone	138636	6 Suits	1
ADrone	140346	Null (5 Suits)	1
ADrone	141400	Special Mix (5 Suits)	1
ADrone	143497	No Variant	1
ADrone	144082	No Variant	1
ADrone	145580	Black (5 Suits)	1
ADrone	146993	Omni (5 Suits)	1
ADrone	147518	Black (5 Suits)	1
ADrone	149147	Rainbow (4 Suits)	1
ADrone	149240	Rainbow (4 Suits)	1
ADrone	149492	Pink & Brown (5 Suits)	1
ADrone	154995	Dual-Color (5 Suits)	1
ADrone	155013	Dual-Color (5 Suits)	1
ADrone	158601	Pink & Brown (5 Suits)	1
ADrone	164929	Pink & Dark Brown (6 Suits)	1
ADrone	165054	Special Mix (5 Suits)	1
ADrone	165824	No Variant	1
ADrone	167649	Black & Dark Rainbow (6 Suits)	1
ADrone	180744	Black (6 Suits)	1
ADrone	187218	Black & Rainbow (5 Suits)	1
ADrone	187317	No Variant	1
ADrone	187859	Black & Rainbow (5 Suits)	1
ADrone	187870	Black & Rainbow (5 Suits)	1
ADrone	187920	Black & Rainbow (5 Suits)	1
ADrone	190533	Special Mix (5 Suits)	1
ADrone	190876	No Variant	1
ADrone	190947	No Variant	1
ADrone	191954	No Variant	1
ADrone	194380	Brown & Null (4 Suits)	1
ADrone	194440	Brown & Null (4 Suits)	1
ADrone	195680	No Variant	1
ADrone	198470	Rainbow & Muddy Rainbow (4 Suits)	1
ADrone	202019	Pink & White (5 Suits)	1
ADrone	222278	Rainbow (6 Suits)	1
ADrone	222806	Rainbow (6 Suits)	1
ADrone	222929	Rainbow (6 Suits)	1
ADrone	229826	Pink (4 Suits)	1
ADrone	232691	Up or Down (5 Suits)	1
ADrone	234531	Special Mix (5 Suits)	1
ADrone	241647	Brown (4 Suits)	1
ADrone	241683	Omni (4 Suits)	1
ADrone	244231	Rainbow (5 Suits)	1
ADrone	247120	No Variant	1
ADrone	248738	Gray (5 Suits)	1
ADrone	250788	Dark Pink (5 Suits)	1
ADrone	253413	Dual-Color (5 Suits)	1
ADrone	253460	Dual-Color (5 Suits)	1
ADrone	256442	Dual-Color (5 Suits)	1
ADrone	257171	White-Ones (5 Suits)	1
ADrone	263711	Dual-Color (6 Suits)	1
ADrone	263763	Dual-Color (6 Suits)	1
ADrone	264411	Pink-Ones & Pink (5 Suits)	1
ADrone	264561	Black (6 Suits)	1
ADrone	265429	Dual-Color (6 Suits)	1
ADrone	265473	Dual-Color (6 Suits)	1
ADrone	267272	Light Pink (5 Suits)	1
ADrone	267285	Light Pink (5 Suits)	1
ADrone	267355	Rainbow (6 Suits)	1
ADrone	270801	Brown-Ones & White (4 Suits)	1
ADrone	271133	Clue Starved (5 Suits)	1
ADrone	271177	Brown & Gray (5 Suits)	1
ADrone	271292	Pink & Cocoa Rainbow (5 Suits)	1
ADrone	273568	Rainbow (5 Suits)	1
ADrone	274219	Up or Down (5 Suits)	1
ADrone	277610	No Variant	1
ADrone	279675	Up or Down & Pink (5 Suits)	1
ADrone	287354	White (5 Suits)	1
ADrone	287651	Ambiguous & Dual-Color	1
ADrone	288958	No Variant	1
ADrone	289904	White (3 Suits)	1
ADrone	290079	Prism (5 Suits)	1
ADrone	290160	Prism (5 Suits)	1
ADrone	291505	Black (6 Suits)	1
ADrone	291781	Clue Starved (5 Suits)	1
ADrone	292641	Light Pink (4 Suits)	1
ADrone	294309	Cocoa Rainbow (5 Suits)	1
ADrone	296903	No Variant	1
ADrone	300301	Rainbow (6 Suits)	1
ADrone	306314	Dark Pink (5 Suits)	1
ADrone	307657	Rainbow (6 Suits)	1
ADrone	307687	Rainbow (6 Suits)	1
ADrone	310782	No Variant	1
ADrone	323784	Muddy Rainbow (6 Suits)	1
ADrone	324447	Muddy Rainbow (5 Suits)	1
ADrone	326812	Reversed (5 Suits)	1
ADrone	326835	Rainbow Reversed (5 Suits)	1
ADrone	327357	Muddy Rainbow (6 Suits)	1
ADrone	328196	No Variant	1
ADrone	329892	Dark Omni (5 Suits)	1
ADrone	331240	Prism (3 Suits)	1
ADrone	332090	Gray Pink (5 Suits)	1
ADrone	332108	Dark Rainbow (5 Suits)	1
ADrone	337513	4 Suits	1
ADrone	338697	White & Prism (6 Suits)	1
ADrone	341345	Color Blind (4 Suits)	1
ADrone	341369	Color Blind (4 Suits)	1
ADrone	342052	Null (6 Suits)	1
ADrone	342079	Null (5 Suits)	1
ADrone	350075	No Variant	1
ADrone	350133	No Variant	1
ADrone	359074	Prism (5 Suits)	1
ADrone	359190	Pink (3 Suits)	1
ADrone	361589	Prism (4 Suits)	1
ADrone	362798	No Variant	1
ADrone	363001	Pink & White (5 Suits)	1
ADrone	367556	Dark Rainbow (6 Suits)	1
ADrone	371412	Pink (6 Suits)	1
ADrone	371453	Brown (3 Suits)	1
ADrone	374152	Black & Prism (6 Suits)	1
ADrone	379586	Prism (4 Suits)	1
ADrone	384167	Muddy Rainbow (6 Suits)	1
ADrone	385490	Rainbow & Prism (5 Suits)	1
ADrone	386260	Dual-Color (5 Suits)	1
ADrone	387395	Dual-Color & White (6 Suits)	1
ADrone	387453	Dual-Color & Light Pink (6 Suits)	1
ADrone	391951	Throw It in a Hole & Rainbow (5 Suits)	1
ADrone	392028	Dark Brown (6 Suits)	1
ADrone	392157	Prism (5 Suits)	1
ADrone	394909	Black & Prism (6 Suits)	1
ADrone	394932	Black & Prism (6 Suits)	1
ADrone	396778	No Variant	1
ADrone	397771	Rainbow (6 Suits)	1
ADrone	401193	No Variant	1
ADrone	401220	Gray Pink (5 Suits)	1
ADrone	401414	Null (5 Suits)	1
ADrone	404229	Rainbow (5 Suits)	1
ADrone	405276	White & Prism (5 Suits)	1
ADrone	408987	Dual-Color Mix	1
ADrone	409743	Gray Pink (5 Suits)	1
ADrone	411512	Null (5 Suits)	1
ADrone	411553	Rainbow & Pink (6 Suits)	1
ADrone	411915	Dual-Color Mix	1
ADrone	415492	Light-Pink-Fives & Pink (5 Suits)	1
ADrone	416446	Omni-Ones & Omni (6 Suits)	1
ADrone	417989	Rainbow & Gray (5 Suits)	1
ADrone	418043	Rainbow & Gray (5 Suits)	1
ADrone	422661	Brown (4 Suits)	1
ADrone	438159	Null (6 Suits)	1
ADrone	439165	Throw It in a Hole (6 Suits)	1
ADrone	439203	Rainbow & Gray (6 Suits)	1
ADrone	440073	Dual-Color (6 Suits)	1
ADrone	442949	Prism & Dark Rainbow (5 Suits)	1
ADrone	446242	Pink & Dark Rainbow (6 Suits)	1
ADrone	451288	No Variant	1
ADrone	453393	Null-Ones & Dark Pink (5 Suits)	1
ADrone	453425	Dark Pink (6 Suits)	1
ADrone	460159	Pink & White (4 Suits)	1
ADrone	460216	White & Muddy Rainbow (5 Suits)	1
ADrone	461154	Rainbow & Gray Pink (6 Suits)	1
ADrone	461923	Rainbow & Pink (5 Suits)	1
ADrone	463104	Null (6 Suits)	1
ADrone	464195	Rainbow & Pink (3 Suits)	1
ADrone	465951	Rainbow (4 Suits)	1
ADrone	467092	Brown & Light Pink (6 Suits)	1
ADrone	479596	Clue Starved & Null (5 Suits)	1
ADrone	481841	Rainbow & Omni (5 Suits)	1
ADrone	481866	Rainbow & Omni (4 Suits)	1
ADrone	482303	Rainbow & Pink (6 Suits)	1
ADrone	484506	Dark Brown (6 Suits)	1
ADrone	485584	Brown (5 Suits)	1
ADrone	485597	Brown (5 Suits)	1
ADrone	487628	Black & Brown (5 Suits)	1
ADrone	493136	Black & Light Pink (5 Suits)	1
ADrone	498781	Dark Rainbow (6 Suits)	1
ADrone	499190	Null (5 Suits)	1
ADrone	499256	Null (5 Suits)	1
ADrone	501323	White (6 Suits)	1
ADrone	502910	Gray Reversed (5 Suits)	1
ADrone	505440	Null (5 Suits)	1
ADrone	513979	White & Gray Pink (6 Suits)	1
ADrone	522283	No Variant	1
ADrone	528961	Black (5 Suits)	1
ADrone	535844	No Variant	1
ADrone	535863	No Variant	1
ADrone	539378	Rainbow & Dark Pink (6 Suits)	1
ADrone	567226	No Variant	1
ADrone	567258	Dark Null (5 Suits)	1
ADrone	573379	Pink & Brown (4 Suits)	1
ADrone	573389	Pink & Brown (4 Suits)	1
ADrone	576461	Black & Prism (5 Suits)	1
ADrone	584929	Gray (5 Suits)	1
ADrone	585525	Black (6 Suits)	1
ADrone	585554	Black (6 Suits)	1
ADrone	600122	Brown-Ones & Omni (4 Suits)	1
ADrone	602739	Rainbow (5 Suits)	1
ADrone	603838	Rainbow & Brown (5 Suits)	1
ADrone	606077	White (5 Suits)	1
ADrone	615637	6 Suits	1
ADrone	618631	Rainbow & Pink (6 Suits)	1
ADrone	626965	Omni-Fives & Muddy Rainbow (6 Suits)	1
ADrone	627006	White-Fives & Light Pink (6 Suits)	1
ADrone	629920	Black & Pink (5 Suits)	1
ADrone	630062	Rainbow & Brown (6 Suits)	1
ADrone	642175	White & Prism (6 Suits)	1
ADrone	646915	Gray Pink (5 Suits)	1
ADrone	650209	6 Suits	1
ADrone	658816	Light-Pink-Fives & Pink (6 Suits)	1
ADrone	660088	Muddy-Rainbow-Ones & Dark Prism (5 Suits)	1
ADrone	660214	Rainbow (5 Suits)	1
ADrone	661448	Black (5 Suits)	1
ADrone	662274	Omni & Light Pink (5 Suits)	1
ADrone	662283	Omni & Light Pink (5 Suits)	1
ADrone	662883	No Variant	1
ADrone	667469	Rainbow & Prism (5 Suits)	1
ADrone	668115	Critical Fours (5 Suits)	1
ADrone	668588	Rainbow-Ones & Pink (6 Suits)	1
ADrone	669333	Omni-Ones (4 Suits)	1
ADrone	669848	Critical Fours & Brown (6 Suits)	1
ADrone	671699	Dark Brown (6 Suits)	1
ADrone	676813	Rainbow & Omni (5 Suits)	1
ADrone	676824	Special Mix (5 Suits)	1
ADrone	678249	Rainbow-Ones & Light Pink (6 Suits)	1
ADrone	678453	Rainbow-Ones & White (5 Suits)	1
ADrone	678473	No Variant	1
ADrone	678732	Pink-Ones & Pink (5 Suits)	1
ADrone	679567	No Variant	1
ADrone	680792	No Variant	1
ADrone	681465	Rainbow & Pink (6 Suits)	1
ADrone	683322	Muddy Rainbow (6 Suits)	1
ADrone	687732	Black & Light Pink (6 Suits)	1
ADrone	690410	Rainbow & Gray Pink (6 Suits)	1
ADrone	691155	Rainbow & White (5 Suits)	1
ADrone	692495	No Variant	1
ADrone	692560	Pink & Brown (5 Suits)	1
ADrone	696863	Rainbow & White (4 Suits)	1
ADrone	696889	Pink & Prism (6 Suits)	1
ADrone	697708	No Variant	1
ADrone	707183	Brown (5 Suits)	1
ADrone	707977	Muddy Rainbow (5 Suits)	1
ADrone	708066	White & Dark Omni (5 Suits)	1
ADrone	722207	Critical Fours & Light Pink (5 Suits)	1
ADrone	725768	White-Ones & Prism (6 Suits)	1
ADrone	738875	Rainbow & Brown (5 Suits)	1
ADrone	739390	Rainbow & Muddy Rainbow (6 Suits)	1
ADrone	740542	Gray Pink (5 Suits)	1
ADrone	742335	Rainbow & Dark Brown (6 Suits)	1
ADrone	742992	Gray (6 Suits)	1
ADrone	743288	No Variant	1
ADrone	743399	Brown & Muddy Rainbow (6 Suits)	1
ADrone	745712	No Variant	1
ADrone	745727	No Variant	1
ADrone	746228	No Variant	1
ADrone	747798	Rainbow (6 Suits)	1
ADrone	750375	Rainbow & Omni (6 Suits)	1
ADrone	752516	Rainbow (6 Suits)	1
ADrone	753448	No Variant	1
ADrone	753812	No Variant	1
ADrone	754026	No Variant	1
ADrone	754588	No Variant	1
ADrone	755610	Black (6 Suits)	1
ADrone	756140	Black (6 Suits)	1
ADrone	757316	Black & White (6 Suits)	1
ADrone	759764	Black (6 Suits)	1
ADrone	760192	Rainbow & Prism (6 Suits)	1
ADrone	760212	White & Brown (6 Suits)	1
ADrone	760255	Prism (5 Suits)	1
ADrone	760512	Dual-Color & Rainbow (6 Suits)	1
ADrone	761785	Rainbow (5 Suits)	1
ADrone	764029	Pink & Dark Prism (5 Suits)	1
ADrone	764308	White-Ones & Rainbow (5 Suits)	1
ADrone	764438	Pink & Omni (5 Suits)	1
ADrone	764451	Prism & Gray (6 Suits)	1
ADrone	765017	Brown-Fives & White (5 Suits)	1
ADrone	772402	Pink (5 Suits)	1
ADrone	775224	White & Dark Pink (6 Suits)	1
ADrone	775537	Rainbow (6 Suits)	1
ADrone	775546	Gray Pink (5 Suits)	1
ADrone	775556	Gray Pink (5 Suits)	1
ADrone	776030	Black (6 Suits)	1
ADrone	779082	White (6 Suits)	1
ADrone	780782	6 Suits	1
ADrone	783949	Black & Null (6 Suits)	1
ADrone	786342	Rainbow-Fives (5 Suits)	1
ADrone	786445	Black (6 Suits)	1
ADrone	786858	White & Gray Pink (6 Suits)	1
ADrone	788228	6 Suits	1
ADrone	788258	6 Suits	1
ADrone	789383	Rainbow & Dark Null (5 Suits)	1
ADrone	789407	Rainbow & Dark Null (5 Suits)	1
ADrone	789422	Black (6 Suits)	1
ADrone	789921	Rainbow-Ones & Pink (5 Suits)	1
ADrone	791022	Brown (6 Suits)	1
ADrone	791859	Deceptive-Ones & Black (6 Suits)	1
ADrone	793748	White (6 Suits)	1
ADrone	797600	Pink (6 Suits)	1
ADrone	80633	No Variant	0
ADrone	81041	No Variant	0
ADrone	82329	No Variant	0
ADrone	82746	No Variant	0
ADrone	84473	No Variant	0
ADrone	86160	Rainbow (6 Suits)	0
ADrone	86190	No Variant	0
ADrone	87855	No Variant	0
ADrone	88003	No Variant	0
ADrone	89448	Black (5 Suits)	0
ADrone	89854	Rainbow & Brown (5 Suits)	0
ADrone	92704	White & Brown (4 Suits)	0
ADrone	95211	White & Brown (4 Suits)	0
ADrone	99537	Muddy-Rainbow-Fives & Brown (4 Suits)	0
ADrone	99551	Muddy-Rainbow-Fives & Brown (4 Suits)	0
ADrone	107438	Black & White (5 Suits)	0
ADrone	108262	Rainbow (6 Suits)	0
ADrone	108911	No Variant	0
ADrone	109439	No Variant	0
ADrone	110243	Black & White (6 Suits)	0
ADrone	110897	Special Mix (5 Suits)	0
ADrone	111168	Special Mix (5 Suits)	0
ADrone	112266	No Variant	0
ADrone	123594	Black (5 Suits)	0
ADrone	123685	Black (5 Suits)	0
ADrone	126389	Light Pink (4 Suits)	0
ADrone	131087	No Variant	0
ADrone	137008	Black (5 Suits)	0
ADrone	138296	Black (5 Suits)	0
ADrone	138376	No Variant	0
ADrone	140237	Gray (5 Suits)	0
ADrone	143018	3 Suits	0
ADrone	144227	No Variant	0
ADrone	144374	Black (5 Suits)	0
ADrone	147044	Omni (5 Suits)	0
ADrone	161963	Black & Brown (5 Suits)	0
ADrone	162259	Brown & Light Pink (5 Suits)	0
ADrone	163866	No Variant	0
ADrone	166392	Brown & Light Pink (5 Suits)	0
ADrone	167770	Black & Dark Rainbow (6 Suits)	0
ADrone	175984	Black (6 Suits)	0
ADrone	176086	Black (6 Suits)	0
ADrone	177472	Black (6 Suits)	0
ADrone	180610	Black (6 Suits)	0
ADrone	182667	Black & Rainbow (5 Suits)	0
ADrone	189215	Black & Rainbow (5 Suits)	0
ADrone	190817	No Variant	0
ADrone	194296	No Variant	0
ADrone	208360	Omni & Muddy Rainbow (3 Suits)	0
ADrone	208404	Omni & Muddy Rainbow (3 Suits)	0
ADrone	229796	Pink (4 Suits)	0
ADrone	229869	Rainbow & Brown (5 Suits)	0
ADrone	230791	No Variant	0
ADrone	235219	Rainbow (5 Suits)	0
ADrone	235236	Light Pink (5 Suits)	0
ADrone	237912	Brown-Fives (5 Suits)	0
ADrone	239964	Omni (5 Suits)	0
ADrone	240632	Light Pink (5 Suits)	0
ADrone	240902	Pink (4 Suits)	0
ADrone	241272	Muddy Rainbow (6 Suits)	0
ADrone	242153	Black (5 Suits)	0
ADrone	242182	Rainbow-Fives (4 Suits)	0
ADrone	244006	Brown-Ones & Dark Rainbow (5 Suits)	0
ADrone	247442	Rainbow (4 Suits)	0
ADrone	247799	Dark Pink (5 Suits)	0
ADrone	247882	Light Pink (5 Suits)	0
ADrone	252121	White-Ones & Black (5 Suits)	0
ADrone	256462	Dual-Color (6 Suits)	0
ADrone	257184	White Reversed (6 Suits)	0
ADrone	258546	Black (5 Suits)	0
ADrone	264535	4 Suits	0
ADrone	266772	Black (5 Suits)	0
ADrone	266806	Black (5 Suits)	0
ADrone	267308	Light Pink (5 Suits)	0
ADrone	269346	3 Suits	0
ADrone	269385	White (5 Suits)	0
ADrone	271222	Brown & Gray (5 Suits)	0
ADrone	271331	Pink & Cocoa Rainbow (5 Suits)	0
ADrone	271391	Pink & Cocoa Rainbow (5 Suits)	0
ADrone	271469	Pink & Cocoa Rainbow (5 Suits)	0
ADrone	273904	Rainbow & White (3 Suits)	0
ADrone	273924	Rainbow & White (3 Suits)	0
ADrone	273933	Rainbow & White (3 Suits)	0
ADrone	273950	Rainbow & White (3 Suits)	0
ADrone	274318	Pink & Brown (5 Suits)	0
ADrone	274330	Cocoa Rainbow (5 Suits)	0
ADrone	275388	White (4 Suits)	0
ADrone	275434	White (4 Suits)	0
ADrone	286785	White & Prism (6 Suits)	0
ADrone	287280	Prism (3 Suits)	0
ADrone	287292	Prism (3 Suits)	0
ADrone	287307	Prism (3 Suits)	0
ADrone	287683	Black & Pink (5 Suits)	0
ADrone	287713	Black & Pink (5 Suits)	0
ADrone	287756	Black & Pink (5 Suits)	0
ADrone	288006	Rainbow & Dark Pink (6 Suits)	0
ADrone	288964	No Variant	0
ADrone	289883	4 Suits	0
ADrone	289889	White (3 Suits)	0
ADrone	290789	Dark Prism (5 Suits)	0
ADrone	290808	Prism (4 Suits)	0
ADrone	292624	White (4 Suits)	0
ADrone	293098	No Variant	0
ADrone	293605	Cocoa Rainbow (5 Suits)	0
ADrone	293912	Prism (4 Suits)	0
ADrone	296771	No Variant	0
ADrone	296795	No Variant	0
ADrone	296862	No Variant	0
ADrone	303402	Dark Prism (5 Suits)	0
ADrone	307204	Rainbow (6 Suits)	0
ADrone	309090	Rainbow (3 Suits)	0
ADrone	309103	Rainbow (3 Suits)	0
ADrone	311278	Black & Gray (6 Suits)	0
ADrone	314485	White (3 Suits)	0
ADrone	314493	White (3 Suits)	0
ADrone	314504	White (3 Suits)	0
ADrone	316733	White (3 Suits)	0
ADrone	316750	White (3 Suits)	0
ADrone	317840	Pink (3 Suits)	0
ADrone	318420	No Variant	0
ADrone	319067	Cocoa Rainbow (6 Suits)	0
ADrone	323992	No Variant	0
ADrone	324476	Cocoa Rainbow (6 Suits)	0
ADrone	327352	No Variant	0
ADrone	327368	Muddy Rainbow (6 Suits)	0
ADrone	329910	Dark Omni (5 Suits)	0
ADrone	331248	Prism (3 Suits)	0
ADrone	337523	4 Suits	0
ADrone	338313	Rainbow & Prism (4 Suits)	0
ADrone	341288	White & Prism (4 Suits)	0
ADrone	341303	White & Prism (4 Suits)	0
ADrone	341328	White & Prism (4 Suits)	0
ADrone	341405	Color Blind (4 Suits)	0
ADrone	350228	No Variant	0
ADrone	351819	White (3 Suits)	0
ADrone	359061	Omni (5 Suits)	0
ADrone	361605	Prism (5 Suits)	0
ADrone	364013	4 Suits	0
ADrone	376801	Rainbow (6 Suits)	0
ADrone	378881	Deceptive-Ones & Black (6 Suits)	0
ADrone	379439	Brown (4 Suits)	0
ADrone	379546	Prism (4 Suits)	0
ADrone	380685	Black (6 Suits)	0
ADrone	380755	Black (6 Suits)	0
ADrone	385426	Rainbow & White (3 Suits)	0
ADrone	385460	Rainbow & White (3 Suits)	0
ADrone	387327	White & Prism (5 Suits)	0
ADrone	389360	White (5 Suits)	0
ADrone	389375	Brown (5 Suits)	0
ADrone	391039	Deceptive-Ones & Black (6 Suits)	0
ADrone	392098	6 Suits	0
ADrone	398081	Brown (3 Suits)	0
ADrone	399240	No Variant	0
ADrone	403612	Dual-Color Mix	0
ADrone	403648	Dual-Color Mix	0
ADrone	404604	Dual-Color Mix	0
ADrone	405259	White (4 Suits)	0
ADrone	410057	Dual-Color Mix	0
ADrone	410152	Dual-Color Mix	0
ADrone	414824	Dark Null (5 Suits)	0
ADrone	415485	Dual-Color & Prism (4 Suits)	0
ADrone	417612	Light-Pink-Ones & Prism (4 Suits)	0
ADrone	419189	Pink-Ones & White (3 Suits)	0
ADrone	420244	Muddy Rainbow (3 Suits)	0
ADrone	420268	Rainbow & Gray Pink (5 Suits)	0
ADrone	427214	Rainbow & Pink (3 Suits)	0
ADrone	427352	Black (6 Suits)	0
ADrone	427404	Rainbow & Gray (5 Suits)	0
ADrone	430348	Special Mix (5 Suits)	0
ADrone	431139	Brown & Prism (5 Suits)	0
ADrone	437078	Black (5 Suits)	0
ADrone	438229	Pink & Muddy Rainbow (5 Suits)	0
ADrone	439180	Pink & White (4 Suits)	0
ADrone	442857	Black & White (5 Suits)	0
ADrone	442936	Prism & Dark Rainbow (5 Suits)	0
ADrone	442972	Prism & Dark Rainbow (5 Suits)	0
ADrone	443261	Null (4 Suits)	0
ADrone	443291	Null (4 Suits)	0
ADrone	446154	Rainbow & Gray (6 Suits)	0
ADrone	451468	Rainbow & Dark Prism (5 Suits)	0
ADrone	451510	Rainbow & Dark Prism (5 Suits)	0
ADrone	460176	Pink & White (4 Suits)	0
ADrone	460185	Pink & White (4 Suits)	0
ADrone	460245	White & Muddy Rainbow (5 Suits)	0
ADrone	461172	Pink & White (3 Suits)	0
ADrone	461975	Pink & Light Pink (6 Suits)	0
ADrone	463221	No Variant	0
ADrone	464209	Rainbow & Pink (3 Suits)	0
ADrone	465705	Gray (6 Suits)	0
ADrone	466472	Null (4 Suits)	0
ADrone	466503	Null (3 Suits)	0
ADrone	466522	White & Prism (4 Suits)	0
ADrone	468003	Black (5 Suits)	0
ADrone	468067	Black (5 Suits)	0
ADrone	469216	Rainbow & Omni (6 Suits)	0
ADrone	474054	White & Omni (5 Suits)	0
ADrone	474828	Special Mix (6 Suits)	0
ADrone	475153	Special Mix (5 Suits)	0
ADrone	480225	White & Light Pink (5 Suits)	0
ADrone	483961	No Variant	0
ADrone	484467	Pink & White (5 Suits)	0
ADrone	484560	Dark Brown (6 Suits)	0
ADrone	485618	Brown (5 Suits)	0
ADrone	486907	No Variant	0
ADrone	501306	White (6 Suits)	0
ADrone	501375	Pink (5 Suits)	0
ADrone	502461	Null (5 Suits)	0
ADrone	503135	Prism (5 Suits)	0
ADrone	504192	Null (5 Suits)	0
ADrone	505559	Null (5 Suits)	0
ADrone	513996	Prism & Gray Pink (6 Suits)	0
ADrone	539460	Rainbow & Dark Pink (6 Suits)	0
ADrone	541092	Rainbow & Muddy Rainbow (5 Suits)	0
ADrone	543859	Omni-Fives (5 Suits)	0
ADrone	543881	Dual-Color & Rainbow (6 Suits)	0
ADrone	544505	Dual-Color & Omni (6 Suits)	0
ADrone	564587	Brown (3 Suits)	0
ADrone	595415	Black & White (5 Suits)	0
ADrone	606456	Black & Omni (6 Suits)	0
ADrone	609732	White & Cocoa Rainbow (5 Suits)	0
ADrone	610621	Dark Brown (6 Suits)	0
ADrone	610636	Black & Pink (6 Suits)	0
ADrone	614209	Pink-Ones & Muddy Rainbow (6 Suits)	0
ADrone	616888	Up or Down & Rainbow (5 Suits)	0
ADrone	618644	Rainbow & Pink (4 Suits)	0
ADrone	625054	White-Fives (5 Suits)	0
ADrone	626926	Muddy-Rainbow-Fives & Omni (3 Suits)	0
ADrone	629888	Black & Pink (5 Suits)	0
ADrone	631953	Rainbow & Prism (5 Suits)	0
ADrone	631963	Rainbow & Prism (5 Suits)	0
ADrone	642191	Omni & Prism (5 Suits)	0
ADrone	642204	Omni & Light Pink (5 Suits)	0
ADrone	643163	Rainbow & Muddy Rainbow (5 Suits)	0
ADrone	660093	Ambiguous & White (5 Suits)	0
ADrone	663904	Critical Fours (5 Suits)	0
ADrone	666418	White-Ones & Cocoa Rainbow (5 Suits)	0
ADrone	667684	Gray Pink (5 Suits)	0
ADrone	668138	Omni-Ones (5 Suits)	0
ADrone	668760	Rainbow & Null (6 Suits)	0
ADrone	669148	Rainbow-Ones (5 Suits)	0
ADrone	670802	Omni (4 Suits)	0
ADrone	671588	Brown-Ones (4 Suits)	0
ADrone	676160	Dark Brown (6 Suits)	0
ADrone	678200	Muddy-Rainbow-Ones & White (3 Suits)	0
ADrone	678207	Muddy-Rainbow-Ones & White (3 Suits)	0
ADrone	678266	Rainbow-Ones & Light Pink (6 Suits)	0
ADrone	680188	White (5 Suits)	0
ADrone	680211	No Variant	0
ADrone	680572	Gray Pink (6 Suits)	0
ADrone	680813	No Variant	0
ADrone	681451	Dark Pink (5 Suits)	0
ADrone	681652	Null (4 Suits)	0
ADrone	682580	Pink (5 Suits)	0
ADrone	682616	Dark Rainbow (6 Suits)	0
ADrone	687323	Dark Rainbow (5 Suits)	0
ADrone	691193	White (4 Suits)	0
ADrone	693673	Black & White (6 Suits)	0
ADrone	694027	No Variant	0
ADrone	696099	Rainbow (6 Suits)	0
ADrone	697147	Omni (4 Suits)	0
ADrone	697160	Brown-Fives & Prism (5 Suits)	0
ADrone	698423	Rainbow & Omni (4 Suits)	0
ADrone	705851	Pink (4 Suits)	0
ADrone	707225	Brown (5 Suits)	0
ADrone	708076	No Variant	0
ADrone	708179	No Variant	0
ADrone	717320	Clue Starved & Rainbow (5 Suits)	0
ADrone	717367	Clue Starved & Rainbow (5 Suits)	0
ADrone	722226	Critical Fours & Light Pink (5 Suits)	0
ADrone	722259	Critical Fours & Light Pink (5 Suits)	0
ADrone	728551	Rainbow (5 Suits)	0
ADrone	734574	Pink (5 Suits)	0
ADrone	736779	Rainbow & Brown (6 Suits)	0
ADrone	738340	Prism (5 Suits)	0
ADrone	743297	Rainbow (6 Suits)	0
ADrone	743568	Pink & Gray (6 Suits)	0
ADrone	746110	4 Suits	0
ADrone	747176	4 Suits	0
ADrone	749744	No Variant	0
ADrone	750407	Black & Pink (6 Suits)	0
ADrone	750852	Rainbow (5 Suits)	0
ADrone	752974	4 Suits	0
ADrone	752977	4 Suits	0
ADrone	753243	Brown (6 Suits)	0
ADrone	754294	Pink & Omni (6 Suits)	0
ADrone	761293	Black & Omni (5 Suits)	0
ADrone	761308	Pink & Brown (4 Suits)	0
ADrone	761987	Black & Omni (6 Suits)	0
ADrone	762706	No Variant	0
ADrone	764032	Pink & Dark Prism (5 Suits)	0
ADrone	764442	Rainbow-Ones & Brown (6 Suits)	0
ADrone	764991	White & Prism (6 Suits)	0
ADrone	771333	No Variant	0
ADrone	771343	No Variant	0
ADrone	771888	No Variant	0
ADrone	772424	Pink (5 Suits)	0
ADrone	779936	Rainbow & Light Pink (5 Suits)	0
ADrone	782102	Pink & Cocoa Rainbow (5 Suits)	0
ADrone	782642	6 Suits	0
ADrone	783241	6 Suits	0
ADrone	786345	Brown (5 Suits)	0
ADrone	788735	No Variant	0
ADrone	789374	Rainbow-Ones & Brown (6 Suits)	0
ADrone	789926	Pink & Light Pink (5 Suits)	0
ADrone	789951	Black (6 Suits)	0
ADrone	790027	Black (6 Suits)	0
ADrone	792553	Rainbow (6 Suits)	0
ADrone	792658	Rainbow (6 Suits)	0
ADrone	794595	Rainbow & Muddy Rainbow (5 Suits)	0
